ind,ticker,COGS_Frac,SGA_Frac,Inventory_Assets,PPE_Assets,LongTermDebt_Assets,ATR,log_Size
1,KEWL,0.11919698870765372,0.8808030112923463,0.0,0.35931876606683805,0.0,0.017352185089974295,2.7447035187502458
1,CHNR,0.2931732514309647,0.7068267485690353,0.002284728957861838,0.01066925315227934,0.226877896325035,0.06345511369759672,3.8371916948051425
1,TVCCF,0.8637378628597235,0.1362621371402765,0.0,0.0,0.0,4.7469001883239175,1.6695918352538475
1,TIMCF,0.886626730348903,0.1133732696510969,0.10525917059349385,0.7029045894634768,0.4538250579554236,0.9403324292792316,4.189639590396489
1,MTA,0.3510791366906475,0.6489208633093524,0.0,0.9223693358494601,0.04075972770821077,0.018435468221164496,4.874349635771387
1,MNDJF,0.9316712654661038,0.06832873453389623,0.09461987641022734,0.6516384148761267,0.07894438460230173,0.6792441464935655,5.642701081869121
1,ATCMF,0.7855890021332069,0.21441099786679307,0.10178735219018815,0.6621383772527827,0.1343282348760918,0.5384863283670889,4.79593103159589
1,EXNRF,0.6610138078027986,0.33898619219720133,0.0,0.7777902790279028,0.0017626762676267627,0.9684968496849685,3.2833143410054384
1,ARREF,0.9093822485595089,0.09061775144049113,0.04486999251662132,0.6860095423892308,0.07199615882065412,0.7538747031521029,5.443192302223061
1,GEODF,0.8852236603650263,0.1147763396349736,0.22341728681786316,0.4132366581934305,0.0182044764177329,0.9815618605243964,4.950382686407317
1,USAS,0.8288305748284817,0.17116942517151829,0.04630042081763347,0.8452984241611161,0.05712743489904045,0.4455321535067263,5.251325334769144
1,FRACF,0.9125822803964592,0.0874177196035409,0.17644112284357533,0.15843234687130578,0.35283415816786556,1.324630828107155,5.519639259649977
1,NEVDF,0.9226469372525847,0.07735306274741523,0.0075767750540702014,0.9500470074980432,0.3242560233663544,0.01402660516326036,6.473534151316166
1,SMTSF,0.8587049762070305,0.14129502379296957,0.07224537916905574,0.7704305474130433,0.011957144973940383,0.618856340314777,5.737997088433939
1,ERO,0.759815349396982,0.24018465060301802,0.026054730505455877,0.6489147158935961,0.3426497968143452,0.35889286543958465,7.080090470940374
1,CSCCF,0.9311001565025004,0.06889984349749953,0.026667804021180068,0.8746313819154684,0.12526584732539564,0.24085600422828263,8.590612412149431
1,HBM,0.888817669193866,0.11118233080613409,0.03583311199430968,0.8211920499183646,0.28410568516506113,0.33783154331899423,8.372385430281954
1,FQVLF,0.9628355127322781,0.03716448726772195,0.05813397129186603,0.759688995215311,0.32141148325358854,0.30406698564593304,10.129825994746858
1,SCCO,0.9653847751152457,0.034615224884754346,0.05868359822658501,0.6047206176855313,0.4066178938960723,0.5815631981663907,9.757154568074396
1,LUNMF,0.8968689000153995,0.10313109998460046,0.03630455349228979,0.7311671734694726,0.0033255416378515867,0.37211561662313203,9.008567335826394
1,NEXA,0.8895022076559015,0.1104977923440985,0.0807879418992915,0.47061990906381357,0.3311224825636138,0.620221833270575,8.49531193326302
1,FCX,0.9597532535921162,0.04024674640788385,0.10138375119879435,0.6385806274832169,0.19331415262364707,0.4462059381911416,10.841402780506945
1,VALE,0.9242649795310756,0.07573502046892445,0.05158008608189288,0.5171588372039496,0.17202568646857092,0.504511243584137,11.372444263990605
1,MMTMF,0.8964689082175775,0.10353109178242242,0.09507927625443015,0.7343555306845737,0.0018877075172542435,0.10774109307964931,4.898026349713602
1,VRDR,0.05925925925925926,0.9407407407407408,0.002584439889492915,0.05234233431363813,0.0029112081513828244,0.0011288358138015033,3.5163993113508387
1,GGAZF,0.2312440645773979,0.7687559354226021,0.04965920155793574,0.7098344693281403,0.005063291139240506,0.03583252190847128,2.734692132048631
1,EVGDF,0.9656790302078274,0.03432096979217263,0.23359752832854974,0.7135371409010717,0.1498889678840702,0.544259244630522,4.73559300199091
1,INCAF,0.9247813780575388,0.07521862194246123,0.31758489393115236,0.40352785764239646,0.18610614655373378,1.8317662600046625,3.2479684990714732
1,IDR,0.6351888667992048,0.3648111332007953,0.029451010293556994,0.7840259245139154,0.0656690812047274,0.45653831490659547,3.0437602425645727
1,ORVMF,0.9526236147581112,0.04737638524188883,0.09640172692259907,0.4951158529009815,0.07244688781215058,0.7350913156913903,4.858136582351378
1,GGGOF,0.6383107088989441,0.3616892911010558,0.010417888735071212,0.9519932424505503,0.0,0.30897017762031015,3.7523001632323725
1,DYNR,0.864425104059679,0.1355748959403211,0.06645824683096012,0.11437852624380236,0.013653127518745575,0.9713504139901816,3.712180855516202
1,SRBIF,0.8851404488717711,0.1148595511282289,0.08685502214773134,0.7230735464304241,0.008350293307793607,0.5857077297577716,4.607527405561769
1,MJGCF,0.8007618648214161,0.19923813517858388,0.01918255662364082,0.5576909301892469,0.000372476827643511,0.454665272266235,4.938824169347354
1,DNGDF,0.9659767427342326,0.034023257265767326,0.16972817898495385,0.41934119006831644,0.0065530123217271054,2.0386060143237494,4.573700158518603
1,ELEMF,0.40670372521363973,0.5932962747863602,0.0,0.5605825911105374,0.16155716191213804,0.05184264876726474,5.225359501997711
1,AYASF,0.7237068965517242,0.27629310344827585,0.049029361495880205,0.5989643121348945,0.000809928318155149,0.2439032167546746,5.054996617795009
1,GLGDF,0.7598570407433881,0.24014295925661183,0.04477516076137798,0.4784870673044227,0.005697489024399459,0.13621834833269106,5.578513992820916
1,TRX,0.38607026989714915,0.6139297301028508,0.05052543670401559,0.7186860602686339,0.0,0.2100911684877166,4.27451102068117
1,DRD,0.9552921199353468,0.04470788006465321,0.054999699328809395,0.43571881230253995,0.004634962046044324,0.7231373419741609,6.069272451776165
1,GSVRF,0.7519030470316779,0.24809695296832207,0.06021086060549452,0.672885848054268,0.03747854615932469,0.4305946362479422,4.450257549278737
1,CMCL,0.8557052479758743,0.14429475202412562,0.07795366319289429,0.8357547695277455,0.0007695872716217882,0.6041132526329663,5.460397949986214
1,CXBMF,0.9445028063751238,0.055497193624876186,0.15800186072279143,0.7183654543866991,0.012984412683023763,0.6068003697358556,6.49867062822566
1,SILV,0.46695600014113825,0.5330439998588616,0.11313666283006285,0.641898527926067,0.10259772786753305,0.12244300673422466,5.8731004051420275
1,STPGF,0.6440350546551075,0.35596494534489254,0.33258553772468274,0.5628974097828181,0.06648958132621323,0.8583500784497233,4.285763500953172
1,ORZCF,0.6114776229654347,0.3885223770345653,0.050455642715860484,0.7267372493370488,0.35546870354882054,0.17215327353229135,5.530543545637285
1,THXPF,0.8296145159354508,0.17038548406454923,0.08914589790908928,0.8306442943400283,0.2360740329313959,0.732745955243402,5.40830117828311
1,AUMN,0.5314225917097843,0.4685774082902157,0.09174250535331906,0.4516193790149892,0.008163811563169164,1.5581504282655245,2.7043098814864868
1,BCEKF,0.7205326374251396,0.27946736257486027,0.0893866321646502,0.8590275228690946,0.11239928330783236,0.22183294385305627,5.617327306590068
1,FTCO,0.5941710842810771,0.405828915718923,0.3595336850773125,0.2623364542986977,0.0,0.567103296837354,4.8763874544086265
1,JAGGF,0.8087772916162794,0.19122270838372069,0.05635938958744747,0.7836762883807131,0.0053794601798475014,0.49456327459888316,5.663422179092134
1,MAKOF,0.6366288026621202,0.36337119733787976,0.2207389696929446,0.7142635761882624,0.2769033229284275,1.4030019260144784,3.810455288009016
1,TFPM,0.49293925346338324,0.5070607465366167,0.0,0.9199352894585092,0.0012265983361642325,0.11359871237091736,7.198206763070992
1,SAND,0.540017667844523,0.459982332155477,0.0,0.9020036186364334,0.2519271796258514,0.07531584578917011,7.588210759567846
1,ARNGF,0.952677837137416,0.04732216286258402,0.07483116893428989,0.8085850745794607,0.1266481127843131,0.30835520229951685,7.138386725902248
1,GORO,0.778053782386413,0.22194621761358713,0.06612104559413433,0.7472314873316974,0.0,0.6794500688148659,5.318957878015332
1,KNTNF,0.7437102137301252,0.25628978626987475,0.07690543948855591,0.5137585476713918,0.012875119701118109,0.5076298504241804,5.915433573325093
1,MUX,0.8553832239586978,0.14461677604130216,0.06002243157518454,0.6549433631097047,0.10434654324887133,0.20883872151369628,6.270457099800143
1,ORLA,0.6326912216853862,0.3673087783146138,0.03656796173446114,0.7610733509716266,0.16800148578727175,0.31480117820324005,6.419695208968736
1,TORXF,0.9174242424242425,0.08257575757575758,0.07544090880562355,0.5848867131111529,0.0008159166509759619,0.5450950856712483,7.373562616096463
1,HYMC,0.581822131912229,0.41817786808777113,0.011279192139913397,0.22024952400845135,0.5329900302867197,0.13347445712862616,5.517268140442542
1,LUGDF,0.9004509766400384,0.0995490233599616,0.05380123616949244,0.5781210583240706,0.19330023698741358,0.4887549322443697,7.419899033631787
1,ARMN,0.8467875150267671,0.15321248497323287,0.022171770843396773,0.6031188613016456,0.29515586255756293,0.3220002898270699,7.124574876183659
1,ORAAF,0.85897878112586,0.14102121887414013,0.05907813471046655,0.5204562578714932,0.23062993944793678,0.5399349381554995,6.589350046687516
1,NGD,0.9055844770468529,0.09441552295314719,0.051571205705371076,0.830800089146423,0.1765990639625585,0.2694004903053265,7.715792425416038
1,MNSAF,0.8998730336994899,0.1001269663005101,0.13197598776562963,0.573120905708612,0.0408186914772019,0.9288166126174845,6.344834284865688
1,AAUCF,0.9128498513026488,0.08715014869735119,0.09612168777446972,0.6766560748287551,0.048739146401051286,1.016013705656163,6.490720499596536
1,DPMLF,0.8569909822020437,0.1430090177979563,0.03958767910933987,0.4120564716129735,0.008676574027827946,0.49236814044280686,7.053805236375486
1,IAUX,0.32272889922619313,0.6772711007738069,0.025757096637012648,0.824446732579495,0.1473427430723769,0.05757065482375043,6.464524438722289
1,WPM,0.8103964531662124,0.18960354683378752,0.001557713968211984,0.8458453416364073,0.00017041657088131106,0.15755440978025437,8.818764263614886
1,AG,0.8847569158015183,0.11524308419848169,0.030692286146646767,0.729431959768892,0.11069478850564145,0.29583807462432626,7.654447491863859
1,AGI,0.8747999999999999,0.1252,0.06374176691524686,0.8638070872570901,0.0,0.22350443633988354,8.209090700874837
1,FSM,0.8945749341944815,0.1054250658055184,0.04905224536089508,0.8355196394460364,0.12317559097421203,0.36322475354755085,7.537016525423276
1,OCANF,0.8841959494547342,0.11580405054526571,0.06421898192613289,0.725050205186414,0.09805291190081201,0.42233475945167204,7.736569070963616
1,JINFF,0.8794483234203947,0.1205516765796052,0.09173620172831105,0.7531358463506496,0.13615465344731043,0.34584656661797464,8.069314510398609
1,EQX,0.9024071125265393,0.09759288747346073,0.06874421902101885,0.7365680971124082,0.21836522536450473,0.2469133753604725,8.257488606862323
1,IAG,0.8816026410564226,0.11839735894357745,0.045174120358861945,0.5951277937221757,0.22117014304761473,0.21667306953515172,8.395048156056736
1,BTG,0.9050346413687501,0.0949653586312499,0.09019559479120175,0.6179261133430022,0.011330171168192831,0.47065480506123897,8.211003029392629
1,HMY,0.965051965187767,0.0349480348122329,0.060203600198794706,0.7022730937094623,0.08124667087059421,0.9110621002640219,7.958307986540008
1,CDE,0.8690413078675512,0.13095869213244882,0.0784278357635351,0.7661150842594533,0.274247986206919,0.42555533347091745,7.520853876851288
1,PAAS,0.9300712579729267,0.06992874202707335,0.14518402043036505,0.6853487365545553,0.06141792299087147,0.46012587971425567,8.085948014651626
1,EGO,0.8100872685866579,0.18991273141334217,0.04461097965955393,0.8067137200431771,0.11363560910524109,0.19560350621231984,8.402436671238009
1,HL,0.8020578877232427,0.19794211227675718,0.030975972713595236,0.8816885376055796,0.17981246062752718,0.24559711557776584,7.9817920482042055
1,EDVMF,0.9148688404020593,0.08513115959794067,0.04999454378225014,0.7041638736028185,0.08059613076215567,0.39099256395466664,8.766347510562593
1,AUY,0.943669866180901,0.056330133819098994,0.03242656746493063,0.7743470510733937,0.12704022320390607,0.28010540184453225,8.772067940891901
1,CGAU,0.8137717516029896,0.18622824839701044,0.1356212934664835,0.5448808151344936,0.003737303122681577,0.3639670894713792,7.756156387709881
1,SSRM,0.7826854158756248,0.21731458412437518,0.09545951334216486,0.67890102056138,0.06582979631210943,0.21847915097027262,8.566870010010483
1,BVN,0.7134629995207252,0.28653700047927483,0.019618153826134015,0.3409099741141186,0.15621308896931022,0.18315798870454456,8.412549529868208
1,KGC,0.8933632498819083,0.10663675011809162,0.10313185333384634,0.744623138778808,0.24816282559347466,0.33233619329768,9.24921487135824
1,AU,0.9063344341038727,0.09366556589612729,0.0957631318136769,0.5407581764122894,0.2560703666997027,0.5576065411298315,8.996156562033445
1,AEM,0.8263089949747763,0.17369100502522375,0.051461369677930545,0.7856799681018888,0.05775514317886743,0.24435875364463502,10.064534739552046
1,GOLD,0.9110705040353282,0.08892949596467184,0.0387468726204721,0.5648645708691395,0.1132383335146307,0.2395953442836941,10.735635516297855
1,NEM,0.8980891719745223,0.10191082802547771,0.045553765396808894,0.6255651993139649,0.15685255444103738,0.30962527935138506,10.557945878480961
1,ASM,0.7897549453793918,0.21024505462060825,0.051651869698669924,0.7744480015842107,0.006147067559985478,0.3645912406350044,4.797409069790263
1,SZSMF,0.9135671003217358,0.08643289967826405,0.08726001422137948,0.43411353401279923,0.013095520265465751,0.8254147902346528,5.8216247678160835
1,SVM,0.7975923415095114,0.20240765849048853,0.012610256821341795,0.5609463497425152,0.0008486078132731107,0.30119081513341384,6.5841530671525454
1,EXK,0.8351835824891507,0.16481641751084933,0.048027598845374865,0.5875720076006979,0.02323520354899521,0.5261405428140107,5.990056055649429
1,PALAF,0.35240669820530146,0.6475933017946985,0.010603042865399566,0.5893919674673697,0.1651538272826688,0.00977143166027019,6.175854796015486
1,ELRFF,0.7480774708060383,0.25192252919396185,0.07274924005321234,0.7212071746688687,0.0027955759207727356,0.3202637481282495,5.047307891764086
1,URG,0.2354021300036724,0.7645978699963276,0.09178367857639372,0.5172992260994486,0.052921822141897217,0.00017609713147041106,4.681158531987429
1,AFMJF,0.8655987750655163,0.13440122493448367,0.0506302769627547,0.5565718972785257,0.006123215167454938,0.7978992128169239,6.194613532707012
1,UEC,0.38657181835899435,0.6134281816410057,0.18791972832515164,0.5707373668654921,0.0026535157672471464,0.06538093477150124,5.869994409939307
1,LGO,0.7341503653075654,0.26584963469243456,0.1805228390723823,0.5333717498243149,0.10533520730850315,0.644416022487702,5.874228236969961
1,SBSW,0.9886234517937715,0.011376548206228559,0.15833792630740598,0.46322716336220804,0.13691330920432004,0.8299056585100482,9.190260310198616
1,MP,0.5126782487838777,0.4873217512161223,0.025719159151429517,0.41815552597275796,0.30529581233602665,0.23572842276767184,7.713242710079778
3,BWEN,0.9064216664974677,0.09357833350253235,0.3062266500622665,0.4269752317697524,0.19415386744153867,1.2229071537290714,4.973556285854835
3,TPIC,0.9784762582795778,0.021523741720422235,0.011080093454835705,0.30051986330983105,0.13985071338299854,1.5826013120260742,6.869197386114949
3,PSIX,0.8625969633877802,0.13740303661221978,0.37685245676168205,0.08479180277137847,0.050544991919678164,1.5045746812414627,5.768049083829064
3,BW,0.79418917861784,0.20581082138216003,0.2520285788544059,0.12284557977202688,0.4272612992027836,0.9439455580249403,6.848700362034144
3,CYD,0.839191082828519,0.16080891717148105,0.20456722306802544,0.17971518148193869,0.009454422636437204,0.6641366863715956,8.160413099092464
3,BC,0.8278634341557537,0.17213656584424633,0.23276857608403337,0.2191954186638824,0.3983041462990208,1.077658076661446,8.75168016219087
3,CMI,0.8444062384870441,0.15559376151295592,0.18492359483811346,0.19845539456747746,0.16059935971484207,0.9265652331760124,10.31886998765251
3,ARTW,0.7441672780630961,0.2558327219369039,0.46191748789042925,0.29873058292968097,0.14744446300317354,1.1859027893769833,3.1758848130631057
3,UGRO,0.6997582895984402,0.3002417104015598,0.005155801888312442,0.06325524441723326,0.032948796442496694,1.0799793767924468,4.1281983349786096
3,AGFY,0.5098413503959031,0.49015864960409683,0.3070300055964527,0.17584341412315066,0.030708740511142682,0.8360095857190007,4.244013786740806
3,LNN,0.8413251366120219,0.15867486338797815,0.272673161163043,0.1599275595825248,0.1901786103766536,1.0845560350832264,6.566184265663481
3,TWI,0.9193892004799972,0.08061079952000283,0.3092119910013,0.23784046768330178,0.32742034671461817,1.6887197091769615,7.158226018124099
3,ALG,0.8386988132758365,0.16130118672416344,0.2694312912110587,0.15741516291837726,0.2291097952782864,1.1567495192998438,7.1766428358223555
3,TTC,0.7578314197674448,0.24216858023255508,0.29558762406503036,0.18216601921598383,0.2965052286306123,1.2695907028069195,8.176391034203942
3,AGCO,0.852709257268794,0.1472907427312059,0.31569623009392594,0.17370864138879813,0.13812761661569523,1.2521551510832665,9.220656972378134
3,CNHI,0.8639949510886715,0.1360050489113285,0.12216551128716895,0.08275564358446967,0.3493562885655519,0.5469896650669105,10.581038745471517
3,KUBTY,0.7963039916648672,0.20369600833513282,0.13621513699478527,0.13436131218609346,0.20506447511876175,0.5661842019151944,10.487871657513342
3,DE,0.8609968785611654,0.13900312143883467,0.09435743641008552,0.1441519493502166,0.37651893813173387,0.579573475508164,11.407898227102523
3,HYFM,0.7885081573296221,0.21149184267037785,0.19422239037309152,0.20294337635709667,0.3050427244625226,0.6006374235257401,6.351860808348562
3,CMCO,0.7341630253849355,0.2658369746150645,0.10211679728446284,0.07636855040644668,0.2932810980793222,0.5377891887498835,7.429940339355205
3,MTW,0.8507462686567164,0.14925373134328357,0.3787681832250077,0.2355307954193748,0.2561436087898484,1.2581244196843082,7.387399785264553
3,TEX,0.8874217502597765,0.11257824974022354,0.31698790930374265,0.1779930085629069,0.26824027452615373,1.4167922773483852,8.044979120944355
3,HI,0.7987015672166398,0.2012984327833602,0.13802197802197802,0.10458952811893989,0.3399353587588882,0.7604137039431157,8.260363582447221
3,OTIS,0.8361344537815126,0.1638655462184874,0.13046135044301863,0.1189530502087789,0.6531214991343314,1.3937264487218657,9.19207456316929
3,PLOW,0.8475682010304565,0.1524317989695435,0.23071549076799616,0.14423403938072446,0.35069049457941237,1.0321281439994907,6.391734517158435
3,ASTE,0.8000162853187852,0.1999837146812149,0.3878154574132492,0.18178233438485805,0.08517350157728708,1.2564077287066246,6.922052583682961
3,KMTUY,0.8025732358343487,0.1974267641656513,0.22725841720264678,0.2027051301442534,0.1086754968089788,0.6445793839234876,10.48573766900048
3,CAT,0.8414973352867486,0.15850266471325136,0.19855265245353476,0.15366779346618992,0.3190266404695947,0.7252236310606153,11.31377916258589
3,ILISF,0.8394224077940153,0.1605775922059847,0.21850899742930593,0.20179948586118251,0.8724293059125964,4.018637532133676,1.1352656063161453
3,SDPI,0.5321241537872015,0.4678758462127985,0.11823863636363635,0.5235227272727273,0.28920454545454544,1.0851136363636362,2.8678989020441064
3,RCON,0.3750102889126677,0.6249897110873323,0.007939761670493057,0.06355909041215699,0.01570186946539849,0.17088936263255713,4.292867498354063
3,PFIE,0.6006912035518781,0.39930879644812184,0.190877062859262,0.19551270165028742,0.0012608937511589097,0.8517893565733358,3.9876869093491356
3,NCSM,0.6201112225362384,0.3798887774637615,0.26726022554275286,0.20080231459101439,0.07299475465190948,1.122894104575069,4.93158487172256
3,WHD,0.8751260415008226,0.12487395849917743,0.14414476412463714,0.13690369793081753,0.022174536328666828,0.6152216113025697,7.0200977638676125
3,OIS,0.8576358520828824,0.14236414791711755,0.1716078286946914,0.30708892964246254,0.146303241662846,0.6930773624754789,6.97015902310385
3,DRQ,0.6906324826257081,0.30936751737429186,0.15013033217996638,0.19153843385449068,0.004015362230916746,0.37230274083176096,6.879885499538174
3,BOOM,0.7960827917124107,0.2039172082875893,0.17815007884156375,0.2024112093818048,0.18293859459508657,0.7441437669657261,6.77875986893055
3,AROC,0.7816452629931354,0.21835473700686459,0.03256257816257816,0.8527018759018758,0.6015180375180375,0.32537489177489176,7.862785839172223
3,FET,0.7255291490793417,0.2744708509206582,0.34137719120654275,0.14403353311203143,0.36388314204013866,0.83846316952119,6.727140664532839
3,EPAC,0.6038534250266914,0.3961465749733087,0.11048550663398968,0.1117703139525057,0.3082969766753993,0.7542769690695512,6.629775321762094
3,CHX,0.8208556350922253,0.1791443649077748,0.16016109896344866,0.2443519273749861,0.20467792753498687,1.123532723263851,8.127842446725179
3,NOV,0.8443086325439266,0.15569136745607334,0.17888505180069067,0.22673902318697584,0.2235816477553034,0.7140601874691662,9.2237500588861
3,AZ,0.26639490244192027,0.7336050975580797,0.02954151567669765,0.185678273199937,0.07452339688041594,0.7366472349141326,2.5411294408842786
3,MNTX,0.8496188166674592,0.15038118333254086,0.29501316551353957,0.24244832060455698,0.30021174710379833,1.1574409453810812,5.466383631091965
3,SHYF,0.8622379340042969,0.13776206599570312,0.17254828323407656,0.21385540612009696,0.17317018128069653,1.7695049450369607,6.363857070197471
3,HY,0.867318120198825,0.13268187980117488,0.39458098904352973,0.1812259401835949,0.15442700621853714,1.7512091600039483,7.613917396619577
3,LASE,0.37352415026833635,0.6264758497316637,0.086011678090886,0.07413048997207412,0.024777862401624776,0.2515866971312516,2.9803647964228692
3,KMT,0.7474432039030952,0.25255679609690485,0.22181102643690132,0.40770826306651897,0.2446862745402802,0.7819845472589336,7.85303144487019
3,ESAB,0.777324814229668,0.222675185770332,0.11103551797209121,0.10022842210273535,0.34491231388260307,0.6908549912560286,8.23058121287635
3,LECO,0.7868118387152477,0.21318816128475235,0.20922539714879146,0.1854024434798302,0.36042270729616865,1.1825677100724215,8.064808159148996
3,MKTAY,0.7819896045789936,0.21801039542100642,0.47159250955542376,0.24182312338420198,0.013148402893379057,0.7337590339750142,9.023600709711708
3,SWK,0.7922883061233793,0.20771169387662072,0.2347886697672183,0.11154775210008293,0.22750597877684442,0.6788926143578774,10.12516202528265
3,HURC,0.7790680293317503,0.2209319706682497,0.5100853260709842,0.055326430183158797,0.01571985096510219,0.8190192563276154,5.724359311978361
3,BBRW,0.18916196615632552,0.8108380338436745,0.08998548621190129,0.1722302854378326,0.052733430091920656,0.6947266569908078,0.7260982806996313
3,KAI,0.6713065406007607,0.3286934593992393,0.1423382071710029,0.12305360293804316,0.18711240554457373,0.7868109830495503,7.047413737742182
3,JBT,0.7742718446601942,0.22572815533980584,0.12480167176192872,0.12000309585542357,0.3905808598738439,0.8382028559266282,7.857132563844082
3,VJET,0.4435804346759554,0.5564195653240446,0.20202345991274678,0.3229217946323991,0.3397443514573325,0.5049313347705784,4.075993880342837
3,VLD,0.40385984823196924,0.5961401517680308,0.3162930781737253,0.1884689535080004,0.07830699112449692,0.35873823929209203,5.416606940558871
3,MKFG,0.25784499665941074,0.7421550033405893,0.07633960704281945,0.18573398354054593,0.11738417822692308,0.29183589109125546,5.846268240286283
3,KRNT,0.4941732545150739,0.5058267454849262,0.09336762503837455,0.09147448066444877,0.021964860400181273,0.2835205593599438,6.8644990741744945
3,DM,0.4107143820721883,0.5892856179278118,0.121609816172133,0.10395481124734374,0.1723411109211013,0.27709131208846854,6.625852474344391
3,CRCT,0.6559521159060696,0.34404788409393045,0.37033698494250905,0.0847543298579337,0.014674182600115625,0.9333096047184843,6.8560692759156785
3,CVAT,0.02295632698768197,0.9770436730123181,0.025654730090860504,0.09834313201496525,0.1480491715660075,0.8898984500267237,0.6264730472919525
3,TOMZ,0.3003676470588235,0.6996323529411765,0.2900645161290323,0.12025806451612904,0.049161290322580646,0.5379354838709677,2.740840023925201
3,CVV,0.6843363592214875,0.31566364077851244,0.12418231694450307,0.33224308925933743,0.00920552859253007,0.6808662165013716,3.635267684665287
3,UCAR,0.049103663289166016,0.950896336710834,0.019356417472164444,0.12607365716383212,0.052465434968799705,0.027652024960234917,3.710273950968093
3,TRT,0.7630668182392321,0.23693318176076794,0.05200248727574215,0.26791183989313927,0.07657585039497018,1.014831533129131,3.7709431950462937
3,IVAC,0.3889361874645261,0.6110638125354739,0.17336861995042155,0.040725995180834286,0.008187959019756268,0.20664050988391244,5.153632576819127
3,ASYS,0.6522236034807716,0.3477763965192284,0.19087273653152007,0.1333742717210598,0.07200413377866312,0.7960369643686253,4.8943561270623785
3,ERII,0.3545731901099599,0.6454268098900401,0.13069540497329973,0.15064112901367957,0.06117794497763075,0.578656370514055,5.38007706089443
3,ICHR,0.9108797693957672,0.08912023060423277,0.26174126314196555,0.127901290159466,0.29992931897075137,1.181156585238922,6.988175146291266
3,AIIXY,0.7273501161666829,0.2726498838333172,0.24772812562848454,0.10966264505682019,0.0065082488270016645,0.519427298983436,6.871736314756085
3,ACMR,0.6164042750385659,0.3835957249614341,0.3182290570619183,0.06909267503035209,0.01602104411169567,0.3147163091865641,7.119231025428665
3,BESIY,0.6756261904652096,0.3243738095347904,0.08114646405533675,0.04470807582428995,0.2970320451424549,0.6367832539032299,7.101038206511262
3,VECO,0.6635115512981666,0.3364884487018335,0.1833993244003854,0.11855168886607935,0.2553415536309269,0.5727235741010102,7.028363652942038
3,ACLS,0.7298660517568141,0.27013394824318604,0.2391438388936517,0.06881331753549827,0.05141465272221625,0.9076171938585753,6.921304078070465
3,PRLB,0.5517674858223062,0.4482325141776937,0.016926628835854832,0.34800814791913914,0.0028111318327332926,0.6088475232120952,6.687318062238643
3,BWXT,0.8680184717951105,0.13198152820488948,0.21431006984126016,0.45228124824595,0.49662439636814754,0.8525719766668869,7.870524552903895
3,KLIC,0.7311410040122892,0.26885899598771085,0.11644600053254471,0.07722213094682799,0.021986039271080997,0.9465069536113266,7.370607774713752
3,DDD,0.5064591095948856,0.4935408904051144,0.09527911058451707,0.06969244711612574,0.33961328980176453,0.3719246266969811,7.276980240964045
3,OMCL,0.5403441291230464,0.45965587087695353,0.06674136201248622,0.059713908080395964,0.27410327136665347,0.5862002987210722,7.70109072213074
3,ASMIY,0.6935213805121145,0.3064786194878855,0.14354964929388542,0.10994811939349806,0.004960052406971264,0.642778687066669,8.296204067655438
3,ENTG,0.758156823436968,0.24184317656303198,0.08016830694031882,0.14678942606646883,0.5635392628577364,0.32370838251294004,9.224130548898094
3,DOV,0.7554609659624725,0.2445390340375276,0.12541693360971518,0.11029972048871754,0.28581999444042633,0.7808078891983761,9.296198659413509
3,LRCX,0.7879325987625507,0.21206740123744935,0.23065706453825016,0.10899483078028187,0.3002542738760634,1.001826452206002,9.752410677061524
3,AMAT,0.7626576859409784,0.23734231405902165,0.22195614757165308,0.10087555189702911,0.21492179899723116,0.9647908403801542,10.193392153341007
3,ASML,0.7180607740063287,0.28193922599367127,0.19833666922098286,0.11396293683659489,0.10098234676145501,0.5832828273988935,10.566066524825635
3,TWIN,0.7299012910792966,0.27009870892070337,0.45966881597552456,0.19636702914404947,0.17921836519927817,0.8784549567305432,5.62229400014305
3,GTES,0.7094875110596882,0.2905124889403117,0.09124534178764114,0.10702764336169976,0.35434395683853387,0.4942154736080983,8.88066895725214
3,IR,0.7618499119813965,0.2381500880186034,0.06944378602049317,0.05088074550145944,0.18938906534650785,0.40067317264778984,9.600075747281402
3,ATLCY,0.7479125460193987,0.25208745398060134,0.15797355034029748,0.11701032381044107,0.1379562623167186,0.8229784065470888,9.712893593578977
3,ITW,0.7801738833958405,0.21982611660415957,0.13318635715212035,0.13357541174944884,0.40876669692646866,1.0330696407729218,9.643550340392906
3,GRC,0.8314930229259384,0.1685069770740616,0.1273249086305466,0.14988027450935462,0.48164820182624335,0.5969398393730738,6.771740806063808
3,ITT,0.8111937216026436,0.18880627839735648,0.14818929714572918,0.15887627966034443,0.017617649392905322,0.7903341004682167,8.237558650543757
3,GGG,0.6794648554381767,0.32053514456182325,0.19549387018737957,0.261344868588298,0.03938537865431137,0.8788884333100988,7.799302396965376
3,IEX,0.7158005896070754,0.28419941039292473,0.08543333514758976,0.08927955877283696,0.28398555851884105,0.5740307335038735,8.614664670293799
3,PNR,0.7942593883551056,0.20574061164489435,0.12252811167119039,0.06562233423807677,0.3675378053509112,0.6392865451725476,8.7714477377555
3,FLS,0.7586982695474266,0.24130173045257342,0.16766006336530823,0.1410930160809613,0.287925773498873,0.755756127477073,8.47441804072769
3,XYL,0.693974859124404,0.306025140875596,0.10047786720321931,0.11820925553319919,0.2677313883299799,0.6944164989939637,8.98117874833641
3,NL,0.7644134521074342,0.2355865478925659,0.05130626841590052,0.04704960261827579,0.0008198508855209415,0.27311200638827815,6.413240900607868
3,NNBR,0.89455962951948,0.10544037048052003,0.14773486753081244,0.4474234015164971,0.3746894037467476,0.913227143137036,6.30285154943015
3,RBC,0.7633405198599617,0.23665948014003835,0.10652127567142311,0.08900513619364442,0.36560878042075634,0.19460389064553163,8.485788588732674
3,TKR,0.8265781092631407,0.17342189073685932,0.20637862933961612,0.2267341140600097,0.3429076294089114,0.7790000692952671,8.660843217561922
3,SKFRY,0.830724646326066,0.169275353673934,0.23486561597521627,0.2522560696493989,0.18446135171249284,0.8738764289647118,9.272486940925656
3,CRAWA,0.8410439936570107,0.15895600634298937,0.23554689853209904,0.24836844113335607,0.2924757525251511,1.2827064800498003,4.601142084067655
3,CECO,0.7518788828306174,0.2481211171693825,0.19325924619740412,0.06379960413773154,0.2409549037983361,0.8373477624271627,6.224005801357151
3,GENC,0.8302708080713864,0.16972919192861363,0.32308310050024264,0.07744558397885262,3.3461042980709714e-05,0.57708587776681,5.18913288216572
3,TAYD,0.7724331718859763,0.22756682811402373,0.18673682927324814,0.2002275543997237,0.0,0.6271358621670493,3.8962797278121863
3,FTEK,0.5458113315256172,0.4541886684743828,0.007820604899848376,0.09241082116351447,0.0013167344984438593,0.5374870321602425,3.9144999353030387
3,GTEC,0.8433955626721011,0.1566044373278989,0.14889598040163748,0.11741611062759888,0.014021854752925247,0.5855719949714727,5.0441667773050485
3,FATH,0.6694647275767445,0.3305352724232556,0.0424220341956466,0.16266008123827647,0.33847482558061076,0.4349108673063169,5.914893929746572
3,SYM,0.6739309784433736,0.32606902155662637,0.1455811603087778,0.039409881459866965,0.0,0.9398808420579061,6.447722574436921
3,HAYW,0.7173718187901137,0.28262818120988636,0.09866320604463355,0.07489461786781486,0.39994775675796945,0.45708871577276344,7.963812474960358
3,NDSN,0.5946243685737828,0.40537563142621713,0.10035611687334359,0.11928698099008606,0.11707541798907176,0.678016686843569,8.24810386432177
3,CRSR,0.7664421134735595,0.23355788652644052,0.1485586762716372,0.06174778087408316,0.21401277322325393,1.0600141068186812,7.167998063933233
3,SMCI,0.9049475064609745,0.0950524935390254,0.48223677621473676,0.096612655483784,0.05125586686372901,1.621208788431604,8.072491394027175
3,LNW,0.43902439024390244,0.5609756097560976,0.026793143617906474,0.04210351139956731,0.6501913795972708,0.418039607255783,8.701013624333928
3,HPQ,0.8786959419171548,0.12130405808284522,0.19779705928196603,0.1041720787655219,0.3031901075492284,1.6342806671169532,10.55825766397507
3,OSS,0.7302551466269358,0.2697448533730642,0.3685797924243768,0.05858245365031491,0.01429965404062805,1.2848576244123127,4.031848398496495
3,IONQ,0.033051541993645656,0.9669484580063543,0.00863556703099707,0.04977825790311576,0.005784358319174839,0.018613961390787838,6.393577375934725
3,HPE,0.7049581890362362,0.2950418109637638,0.0903488962414439,0.11620538137002609,0.15237294959998599,0.49885335153966004,10.95296211664269
3,DELL,0.8283396967147695,0.1716603032852305,0.06360058230441581,0.06778454736615086,0.23562840351539333,1.0912492586402114,11.437501242323387
3,BKFG,0.6619166369789812,0.3380833630210189,0.25066050198150597,0.029887714663143987,0.007843461030383091,0.25066050198150597,2.494196696695093
3,QBAK,0.7010298661174047,0.29897013388259525,0.37747109287579267,0.040407808031828925,0.011811513116996146,1.224045754071864,2.084802147921932
3,QMCO,0.573033677590755,0.4269663224092451,0.28665658243856473,0.11882857638802788,0.5806234036749572,1.8490192674882833,5.3064591322396595
3,STX,0.8390344230352891,0.16096557696471098,0.17497763864042934,0.260845259391771,0.5699910554561717,1.3037790697674418,9.09873819539488
3,PSTG,0.28508564726568986,0.7149143527343101,0.012420442603055833,0.09793114886383027,0.2807558411196323,0.6955754047041525,8.050484926488297
3,NTAP,0.3897133563732466,0.6102866436267534,0.020347097546379412,0.08936764412527429,0.26361460203470977,0.63016157989228,9.212936997823448
3,WDC,0.7807368842611133,0.21926311573888665,0.13854297574165048,0.15118625994896986,0.27796184165428994,0.715678434060703,10.175764066400548
3,ISSC,0.5308966474905772,0.4691033525094227,0.1588243768909379,0.18216395332084714,0.0004322143783316525,0.7993372712865582,3.546883768791547
3,SILC,0.750235883999657,0.24976411600034315,0.4069667941738322,0.05980193989740838,0.029098461125732552,0.6965036517620503,5.376190029068132
3,LTRX,0.5875609561115996,0.4124390438884003,0.2742804315227045,0.08508888144772665,0.15711852315576455,0.9438103280096671,4.922707133352432
3,CASA,0.48418840716334033,0.5158115928366597,0.20536337479349426,0.06205717384645513,0.00857657910990374,0.719410787006583,5.987190426052041
3,DGII,0.43497981013336023,0.5650201898666398,0.08575176104790402,0.05023217140280714,0.2803927883404868,0.4546519185614157,6.749808235409826
3,RDWR,0.149029359405465,0.8509706405945351,0.017756701492259025,0.06859357228537512,0.03023828909177921,0.4559221116614977,6.467058769823212
3,LITE,0.634256642170718,0.3657433578292821,0.060088414780644854,0.1042958051030705,0.36396617173610113,0.4114650905770986,8.333799059619311
3,EXTR,0.4460370337024699,0.5539629662975301,0.046074440108188036,0.08051585853197443,0.2843454904493173,1.0410019559947965,6.974020433629774
3,VIAV,0.4433030036199981,0.5566969963800019,0.06023305432463482,0.14995349855024892,0.3643525356967011,0.707040866568193,7.510923045922558
3,ANET,0.5930050321421314,0.40699496785786865,0.19035098982939777,0.021902585968967193,0.006488758613869862,0.6466486898947813,8.821055160522011
3,JNPR,0.4715429275158339,0.5284570724841661,0.06641148530562792,0.08667588750576302,0.18430956286789538,0.5683896769489744,9.140636533526392
3,CSCO,0.4991845686649421,0.5008154313350579,0.027318567690049148,0.03191421459117891,0.09723197378779175,0.5484670538924704,11.451071337621542
3,TACT,0.5029661870169297,0.4970338129830702,0.2320574162679426,0.1016553480475382,0.03247028862478778,1.1216815866646088,3.948007719147656
3,CREAF,0.509756286666839,0.4902437133331611,0.19208485274790368,0.023378931195972084,0.002758084519556485,0.5675730707291339,4.682557062369447
3,INVE,0.6378662863126727,0.3621337136873274,0.28178854668418235,0.10793558118036296,0.032754342431761785,1.0987690361504403,4.632444828122972
3,ALOT,0.6360455799875366,0.36395442001246325,0.30106563437866996,0.10904266887042756,0.07796094123787568,1.021965116784829,4.7445407474359
3,HEAR,0.686121801634013,0.31387819836598696,0.43609344684705637,0.08788948937185945,0.04610525929235496,1.4699211075544565,5.096121619897364
3,CMPO,0.5892292730367129,0.4107707269632871,0.2600541293581191,0.193853065182303,2.156520992003338,2.3227509006216898,5.093400446398285
3,NNDM,0.16569610991177305,0.8343038900882269,0.016120213584520603,0.01859807321900723,0.010893608252219852,0.036256354604813794,7.092954358400626
3,SSYS,0.4880673123654271,0.5119326876345728,0.15403678390842918,0.16922264821914765,0.008469665579183832,0.5171361893648941,7.138700319388425
3,LOGI,0.6799741690604006,0.32002583093959935,0.23123428751265362,0.03728696376200158,0.006989880817414857,1.3582530130185198,8.302861947414355
3,ZBRA,0.6655893126481361,0.3344106873518638,0.1142249966795059,0.05764377739407624,0.258732899455439,0.7678310532607252,8.926517509850122
3,XRX,0.6854987684729064,0.3145012315270936,0.06904617517109937,0.0667070952092177,0.26310317941609634,0.6156978255219614,9.353834471614912
3,RICOY,0.6665285117894328,0.33347148821056716,0.12548633676832105,0.1328306714892394,0.08929482814915937,0.948918528299743,9.633074639421112
3,CAJPY,0.5728254177118657,0.42717458228813426,0.15863156424209435,0.22625870751161611,0.017220586981637694,0.7911667712303916,10.5620410626511
3,PAR,0.6400374557541647,0.3599625442458353,0.04397689440819411,0.019912078965161464,0.4586258770462463,0.4162036268011764,6.750935373272294
3,EVRI,0.37481097576182154,0.6251890242381785,0.030418461060460016,0.07862090465076635,0.514394161740718,0.40793528244336097,7.559164941891726
3,DBD,0.7786389180510097,0.2213610819489903,0.19187601957585645,0.07814029363784665,0.8705383360522022,1.1291027732463295,8.027802848370312
3,JCSE,0.8175194568637191,0.18248054313628084,0.3353245869409051,0.2486294377859276,0.15176377178721312,0.5253506748837384,3.275218350406234
3,RR,0.3258024306637582,0.6741975693362418,0.34865413915693244,0.1074149314372778,0.07084814626714069,1.5360589131538853,1.3706729802169337
3,SCWO,0.3389148494288681,0.6610851505711318,0.16749016839770092,0.014419683371987495,0.0,0.30412423111828174,2.294250456203988
3,5912B,0.3759392486011191,0.6240607513988808,0.2743960643219032,0.32344518687128276,0.06534987884573024,0.7361773992216756,2.6114658765868204
3,CXT,0.6660029343953049,0.333997065604695,0.06837606837606837,0.1388184465107542,0.2696064619141542,0.629238283084437,7.6635955288805055
3,TNC,0.6510095198242494,0.34899048017575063,0.19039719841489264,0.1950972260621141,0.287715417933831,1.0065431757441712,6.989427427626162
3,MIDD,0.7524599067448011,0.24754009325519896,0.15676363728398487,0.07939674751478792,0.40102352540398606,0.5866082335277517,8.83562743143573
3,CEAD,0.6199596157376247,0.38004038426237535,0.016550936935223057,0.02525444687529725,0.017930181679824977,0.5366213259773613,3.045759767153639
3,AAON,0.8586210833735708,0.14137891662642912,0.24442593282000433,0.3831758821382892,0.09460218232393786,1.0920072785086183,6.701841194282708
3,SPXC,0.7207567907049772,0.2792432092950228,0.12636594334248277,0.08089491946760577,0.14335284064425916,0.7565901911025946,7.565741494448493
3,LII,0.842530755711775,0.15746924428822498,0.29326997974762425,0.2994235862283845,0.3801215142545568,1.837669418912603,7.850726889437623
3,TT,0.8063048154889955,0.19369518451100445,0.1102667905495089,0.11053225378285107,0.22684939385895056,0.8844184142996196,9.802650125605886
3,CARR,0.8293293863144712,0.17067061368552885,0.10120371080272943,0.11051905236525339,0.3538679751590892,0.7828337039024764,10.169154050930228
3,JCI,0.7366161154759729,0.26338388452402706,0.05953792874424783,0.10230561222069358,0.19955880259974382,0.6000996252194127,10.64917974375984
3,MEEC,0.701580642013855,0.298419357986145,0.10610278372591006,0.2013918629550321,1.0593147751605996,2.314775160599572,2.234306252240751
3,BNSOF,0.42058539723383725,0.5794146027661627,0.0895578947368421,0.4264421052631579,0.12383157894736842,0.6232,3.1675825304806504
3,LIQT,0.5431832076625229,0.4568167923374771,0.10123112196580772,0.2883168020734686,0.2635448337736131,0.39829536958580475,3.692024503258009
3,STRC,0.08809336774772752,0.9119066322522725,0.02124981357196122,0.11288888888888887,0.07391498881431768,0.08691424310216257,5.121729341601843
5,CETY,0.41098537123930445,0.5890146287606955,0.06174513187084052,0.021197929504560016,0.0,0.3281981759921123,2.0935909647842554
5,EZFL,0.5460939462446622,0.4539060537553379,0.014247971315342516,0.4822608039252689,0.14295150028307227,1.4196074731081334,2.3606653040705705
5,FGPR,0.9558489377246819,0.04415106227531799,0.07162858377665776,0.4399293582859435,0.9467954717168859,1.3149183982488815,7.382817964594599
5,SPH,0.9338698848975563,0.06613011510244358,0.03181070158376138,0.3329150279076267,0.5613844198341419,0.7137169954642382,7.651465337240299
5,FCFS,0.9366006845478765,0.06339931545212342,0.11310013887796946,0.2165733173498611,0.40406318576279293,0.709780640416178,8.269979002794921
5,SVV,0.7432571793235482,0.2567428206764518,0.012777730608994533,0.3679327093391263,0.6631520393016808,0.8415601221443775,7.44297005466482
5,NGL,0.9534219539576255,0.04657804604237454,0.041394187645018524,0.42444276231416833,0.5639295624877992,1.309302024843728,8.711170719341188
5,SGU,0.8009188063304199,0.19908119366958013,0.0915718238855859,0.2204761774295186,0.2554524781500863,2.1990279185731114,6.8161606878210605
5,EZPW,0.4591703137963446,0.5408296862036555,0.11248421593052191,0.20648085360841262,0.36635882476010445,0.657496449975443,7.206286782925439
5,SSY,0.9037460401851976,0.0962539598148025,0.06255591740328525,0.33654224671653005,0.03117059728733493,1.4795834377124861,3.3301667210067727
5,CJJD,0.76414012123554,0.23585987876446013,0.15058655436907806,0.19158896074597684,0.08645097007068732,1.545279365318093,4.6670551896601
5,BLMH,0.4551144978811088,0.5448855021188911,0.04786708798262072,0.6652019354201639,0.44193739508245283,1.28406734472203,3.7014994854700385
5,MDVLQ,0.4702968566067203,0.5297031433932796,0.20937462272123628,0.2577568513823494,0.1921707110950139,1.3011288180610892,3.5004995827360177
5,PETS,0.7997518955832501,0.20024810441674992,0.1840697826099286,0.13874851831056212,0.0,1.550695047045412,5.172294854442114
5,RADCQ,0.7893116755985192,0.21068832440148075,0.2297324786965135,0.4458553948216456,0.6266741845441958,2.8805541515227513,9.051227752060166
5,WBA,0.811142884077554,0.18885711592244603,0.09269450978651636,0.36601793085082773,0.3664950512627047,1.472449070169988,11.408941778825277
5,BGFV,0.6740476460350232,0.3259523539649768,0.42818284040615523,0.47168496302869806,0.3127471631350761,1.4045539388791932,6.563563523395604
5,HIBB,0.7320512811529781,0.26794871884702187,0.31458141654709715,0.5573016579519551,0.30399720143284364,2.404924795617853,6.555665521277842
5,BNED,0.7503957838603508,0.2496042161396492,0.3018665432321126,0.3552376783976154,0.3782304748341892,1.4291406957938617,6.976864277059469
5,SPWH,0.7186554292291994,0.2813445707708006,0.4598723977820103,0.4417789600288372,0.28102824118080233,1.7917035954893101,6.734093319412878
5,JOAN,0.5384306014836,0.46156939851640005,0.2788078909491153,0.45499957666582,0.643213953094573,1.0234527135720939,7.767348667177747
5,ASO,0.7677264580834379,0.2322735419165622,0.2555776084310809,0.31088345758068814,0.3841385056292994,1.477255536604623,8.43053229845445
5,ODP,0.8072542708591235,0.19274572914087645,0.19956616052060738,0.2954928898529766,0.20848397204145577,2.0465172330682093,8.330622620332868
5,DKS,0.7317353630649108,0.2682646369350892,0.2541131754776437,0.37211021496457075,0.44570011135103715,1.3596337670139917,9.109599834432183
5,BRLT,0.49120306391435314,0.5087969360856468,0.1497901543945707,0.16896570109759534,0.33513980820644845,1.6752686861608537,5.570532947065902
5,SIG,0.670438074954891,0.329561925045109,0.31336405529953915,0.2710985384252711,0.17523687852656233,1.1902480570637708,8.791045066055784
5,BBW,0.5168180898162111,0.4831819101837888,0.26963022483891796,0.4754997672008531,0.27525495261410915,1.545193073098932,5.58471361267936
5,OCG,0.02219778709367054,0.9778022129063294,0.0,0.17715259697690536,0.00020603495101987297,0.3336455075015452,3.977604732237415
5,SCGY,0.6468913544065313,0.3531086455934687,0.0013303277779830752,0.007329120628703053,0.010901297069583532,0.5433526723575132,4.396705865642939
5,GRPN,0.05466280867551273,0.9453371913244873,0.0,0.08681947304117804,0.2953322145408559,0.7553551367578807,6.675970751735354
5,DADA,0.47911372211138437,0.5208862778886156,0.0009759645846851333,0.00601819411478106,0.0018322210132799808,1.0489415740326324,7.178944336324332
5,CART,0.28559771521827826,0.7144022847817217,0.0,0.02153175252112292,0.009811937857726901,0.6952848187517034,8.207674424355282
5,MELI,0.5748392020058869,0.42516079799411316,0.0110658124635993,0.12004950495049505,0.2286691904484566,0.7671083284799068,9.527775402577312
5,YCQH,0.09895833333333334,0.9010416666666667,0.15089514066496162,0.2020460358056266,0.09974424552429667,0.30179028132992325,-0.9390477189967712
5,CBDW,0.02346570397111913,0.9765342960288809,0.4870689655172414,0.0,0.0,0.06034482758620689,-1.4610179073158271
5,FTEL,0.6624651912648395,0.3375348087351605,0.1691826215022091,0.1640279823269514,0.13181148748159055,1.5014727540500736,1.692307390256395
5,LGCB,0.8799807042932948,0.12001929570670526,0.03744905826632889,0.193082938649631,0.2923229430554026,2.4262583985020374,2.20596405438962
5,IZM,0.9851249925921278,0.014875007407872218,0.004083317528142537,0.009059163477736996,0.005355170528711524,3.239610411344036,4.495723555745202
5,JFBR,0.516273849607183,0.4837261503928171,0.11353407290015848,0.011347068145800316,0.006212361331220285,0.3714104595879556,2.758426408427277
5,AEHL,0.8762753606192096,0.12372463938079044,0.0,0.01341776913913098,0.08119631324847952,2.603109912847201,2.769396131340617
5,KPEA,0.1264003381948848,0.8735996618051152,0.0,0.45480067377877603,0.14823133071308256,4.216732172936553,0.5771750043075246
5,PIK,0.27190705722407615,0.728092942775924,0.7818924944265544,0.09518206589051276,0.06570473123606638,1.0204359673024523,2.7817962029906944
5,JWEL,0.9175125644010143,0.08248743559898583,0.1864835257436589,0.0619364624589197,0.029493553551866523,2.949088508749754,4.265520907911057
5,DBGI,0.28948411983128447,0.7105158801687156,0.15489951982927264,0.005305590135751971,0.00880313000177841,0.41410279210385914,3.5186247985381196
5,IPW,0.5983952482675976,0.4016047517324025,0.38729463865310954,0.13995749608684033,0.2845598808872374,1.0106514297349232,4.36412993993379
5,SHRG,0.2154352441613588,0.7845647558386413,0.10133209776439245,0.23579288775628404,0.010703115950422797,0.7974979728947064,3.765029981687486
5,KSPN,0.7335603530928686,0.2664396469071313,0.6271582194421833,0.09594704597060966,0.12775802236408038,3.078552761235594,3.8433586514019953
5,GCT,0.8949107485308445,0.10508925146915543,0.1871428571428571,0.3755876731963688,0.28053272814142377,1.1707381748686096,6.0369158100119
5,MOGU,0.33203194321206747,0.6679680567879326,6.519365231138661e-05,0.006600857296527895,0.0,0.2891827432402332,5.21529982176437
5,HOUR,0.4793241349684467,0.5206758650315534,0.7306855277475517,0.028175034975905486,0.0025260376185294578,3.728042903777398,3.247735353548754
5,BQ,0.7105701387084044,0.2894298612915957,0.1412326289894267,0.05954611361822062,0.268861699874554,1.5243723627832717,4.810247521570599
5,LQDT,0.709838294073488,0.2901617059265121,0.04053744481159582,0.11211576375197846,0.033623274928498044,0.9720448171493629,5.6633215260621315
5,YJ,0.5165102691218131,0.483489730878187,0.028876537585421413,0.08938861047835991,7.65375854214123e-05,0.6098660592255125,5.614495783829436
5,POLCQ,0.8206207812327099,0.17937921876729004,0.1594645570683507,0.06400192429576121,0.38201088907045827,2.040646929908291,5.568016205602344
5,DIBS,0.20897516565294058,0.7910248343470594,0.0,0.13113138164211732,0.11071727716602996,0.49464238288831236,5.277073300878542
5,YI,0.9419804083089023,0.05801959169109773,0.43148723935686517,0.061134738254926956,0.028922403694570522,3.8910232737293953,6.2218974663090005
5,LVLU,0.5718931812483745,0.42810681875162554,0.2582832946580225,0.22071840386593622,0.32320997105332405,2.6294347025190783,5.119214623809416
5,SFTGQ,0.7737397178214688,0.22626028217853125,0.16500818488980637,0.20771476263819563,0.8561354417824513,2.7044529026119073,5.513501324176296
5,IMBIQ,0.6313583969651282,0.36864160303487187,0.22243694118592472,0.10657097429048668,0.3474639670752917,1.054505239674197,6.258906283983289
5,HKTVY,0.5398300723850473,0.4601699276149527,0.040001809549249895,0.5447001749230942,0.12167279902801355,1.0576147555815978,6.140324110778653
5,HEPS,0.7884015262754104,0.2115984737245896,0.17762759020863014,0.07713437654594216,0.011510178576078021,1.5961859631242816,6.2872970642625
5,XMTR,0.5253532666189492,0.47464673338105073,0.002131831597516708,0.06106727278895411,0.4028211826169556,0.5170851850595379,6.602486123103304
5,PRTS,0.6654646358835543,0.3345353641164455,0.5705812524381395,0.28519834395278504,0.1565778379942869,2.7751962046820666,5.473945740551525
5,NEGG,0.8549326525622729,0.1450673474377271,0.28780195353212995,0.23840101827170512,0.14064324518765162,3.1733792047519342,6.295441262833238
5,RERE,0.8236867368398135,0.17631326316018653,0.08585472210534369,0.03902984136698707,0.006639307981923596,1.954822651242343,6.595785978427256
5,MFLTY,0.5241222082910908,0.47587779170890937,0.0,0.0,0.0,4.6478265992626095,3.2699110859680256
5,TDUP,0.23477635920161388,0.7652236407983861,0.058019923960417025,0.4591353478082319,0.24678090267198327,0.9550617987203096,5.710254817118793
5,BWMX,0.39127115626152836,0.6087288437384716,0.1873047510365945,0.2882739604364282,0.5404491307064333,1.01542542113534,6.364731823798327
5,LITB,0.4374130493918315,0.5625869506081685,0.08652230103207878,0.08385260871411843,0.04010605959481352,3.055390048115137,5.1048114978593775
5,MYTE,0.5362061013375502,0.46379389866244974,0.3743542343553547,0.0640366110218969,0.027354010282456338,1.1219532310067097,6.465597140437395
5,DLTH,0.5138022582605636,0.4861977417394364,0.23794394336145866,0.5452856173019106,0.337443506934342,1.3550266705460188,6.2452342919639525
5,GLBE,0.43688149961152795,0.563118500388472,0.0,0.02580509203509376,0.014260278685704458,0.35183984173404437,7.05841415526725
5,AKA,0.4557860550189976,0.5442139449810024,0.24828015179401852,0.13004328562626807,0.33838332306460667,1.2003382793276798,6.233700669766731
5,JMIA,0.2100123754135661,0.7899876245864339,0.03463438121742712,0.08629978105571723,0.026373247007307227,0.6782366960308399,5.799762127283276
5,BARK,0.37838921635761513,0.621610783642385,0.35274995910713014,0.13288454848512077,0.2463547750201009,1.168973946058273,6.07318507721915
5,CZOO,0.7860423061751562,0.2139576938248438,0.2688914840186811,0.27925302483488035,0.4146209228661108,1.44361750004558,6.949015257573365
5,BYON,0.7882574525299408,0.21174254747005905,0.007428182474224457,0.13359118361474526,0.04336938532529884,2.1960534792714324,6.77826826823696
5,CURV,0.6047547671188975,0.3952452328811024,0.2949139240900189,0.5828892257748907,0.912513547945466,2.2105303188758536,6.360440275240707
5,SSUNF,0.5933774192231266,0.4066225807768734,0.22833118126155535,0.14364261382486757,0.24222956712984234,0.8155780921688989,7.157761963650103
5,BZUN,0.5790857025378395,0.4209142974621606,0.093158547778148,0.15228460637478053,0.06658026869224946,0.8298988775758418,7.291402089695381
5,RVLV,0.5003937336865959,0.49960626631340416,0.3715127097725256,0.05506129621382384,0.03220856248209101,1.9012286861447425,6.361851549603283
5,LKNCY,0.6863049654569966,0.31369503454300335,0.1151165400149126,0.36939272310155635,0.09773211426495587,1.2683668076979522,7.326150432596984
5,WISH,0.42505353319057815,0.5749464668094219,0.0,0.02252816020025031,0.016270337922403004,0.7146433041301627,6.683360945766275
5,LE,0.6230764616188871,0.3769235383811129,0.3706621623446655,0.15558335921839336,0.2577621417009282,1.5787867270415594,6.94373420475466
5,FLWS,0.6559264191067286,0.3440735808932714,0.22610743900534389,0.33416203074095957,0.24309177808567242,2.0165340659481172,6.998410093916835
5,SFIX,0.5242377142239282,0.4757622857760718,0.2580012687450542,0.30810100257018974,0.18486269431746094,2.711206157991459,6.639267805877746
5,JTKWY,0.814874696847211,0.185125303152789,0.0030209198701004456,0.04304810814893135,0.18661732497545502,0.44883316970017373,9.491073355339758
5,DDL,0.6761449136329918,0.32385508636700816,0.06447320539163612,0.18547331198929612,0.07226659707187255,2.581695343887727,7.21542746115417
5,QRTEA,0.8248063411997838,0.17519365880021617,0.10707183199427253,0.09187813220905258,0.4808686659772492,0.9630101026171347,9.43914785291483
5,0189A,0.7658536585365854,0.23414634146341465,0.08344082554014834,0.0718316672041277,0.4109964527571751,0.7970815865849726,9.42577428022034
5,VIPS,0.8471347469677593,0.15286525303224077,0.08424341558467004,0.261431199804321,0.012721242317313062,1.575436174787198,9.158320287224699
5,WSM,0.6697081722119116,0.33029182778808847,0.2694497170109088,0.4439484869055391,0.230636974070503,1.7826661074623509,8.439365695016138
5,OZON,0.41696847764930917,0.5830315223506908,0.12153236865343914,0.4360389287206659,0.3618097203069732,0.9729444726063169,8.270771545359409
5,CHWY,0.7316157873502096,0.26838421264979057,0.2686263259838919,0.35463056031282464,0.19660247109569612,4.261541470204636,7.643138334062772
5,EBAY,0.32078724321218216,0.6792127567878179,0.0,0.08398081534772182,0.3903597122302158,0.4697841726618705,9.945109227226947
5,W,0.6406048172631259,0.3593951827368741,0.025139664804469275,0.4505586592178771,1.1256983240223464,3.4128491620111734,8.183118079394745
5,CPNG,0.7643681590041355,0.2356318409958644,0.17416881050926306,0.3390335211028642,0.18622706444079162,2.1636523572247084,9.16040436658136
5,JD,0.9356120028529714,0.06438799714702852,0.1309516929044556,0.148690472758513,0.07595295774290158,1.75764132286992,11.365625571492622
5,AMZN,0.554953443185546,0.44504655681445404,0.07231209812503377,0.5464699843302534,0.3173242556870373,1.1108942562273734,13.04478014274595
5,KEYR,0.08860759493670885,0.9113924050632911,0.01282051282051282,0.0,0.0,1.0,-2.551046452292545
5,CANN,0.5917902725077613,0.4082097274922387,0.06521533364884051,0.18343587316611454,0.6041646947468056,0.4241678498185834,3.4561589397361296
5,ELA,0.8240709191877529,0.17592908081224706,0.2631423881476493,0.1905663818623118,0.2678984805757818,2.5630427767723107,4.266573694734761
5,TKLF,0.8521672246855488,0.14783277531445116,0.24516599781101786,0.12682313835177755,0.1798127204183388,1.8520085937816693,4.814985307090969
5,TLF,0.4211225806451613,0.5788774193548387,0.5574155353679698,0.3052683766167486,0.10892547281237697,1.1714227387392642,4.227986365417818
5,KIRK,0.6946335313541658,0.30536646864583417,0.3443018940846465,0.5274359957607287,0.3352194668301181,1.6853820628100569,5.802689209399169
5,LESL,0.666491030919663,0.33350896908033706,0.3259516001265285,0.2834852306757832,0.8647568425900142,1.4077833081447795,7.011782806606037
5,WRBY,0.34969582019067463,0.6503041798093254,0.12106058128350802,0.46709817181782537,0.26521917261436906,1.0517050080269805,6.343365363011399
5,EYE,0.5013674588665448,0.49863254113345523,0.05375153955533365,0.32410312991272,0.4021820441803281,0.8752460451649452,7.736851053380432
5,SBH,0.5641078939903371,0.4358921060096629,0.3633769224410883,0.3221171290563308,0.5851310913601672,1.480699236708763,7.854329598920813
5,BBWI,0.6737939565294222,0.32620604347057786,0.11765682044473946,0.336873547958845,0.9696315964155326,1.3079986724195154,8.703838719690246
5,ULTA,0.7064513610068132,0.29354863899318684,0.3146722794303308,0.5030523390351608,0.33008247244814065,1.8115454291104884,8.468922482306661
5,WOOF,0.5976033947840805,0.4023966052159195,0.10389614187017088,0.3178525320559236,0.4249923167969669,0.8936906321556322,8.77924063647099
7,VRTC,0.21467098166127294,0.785329018338727,0.0,0.0,0.0,4.468354430379747,-2.5383074265151158
7,ISGN,0.08547655068078669,0.9145234493192134,0.0,0.019704433497536946,0.0,4.862068965517241,-1.5945492999403497
7,CLRI,0.20120481927710843,0.7987951807228916,0.018276762402088774,0.013054830287206266,0.0,1.7563098346388162,0.13889199886661865
7,INQR,0.21609195402298847,0.7839080459770115,0.0,0.0,1.4285714285714284,4.718333333333334,-3.170085660698769
7,SDCH,0.5490545050055617,0.4509454949944383,0.0,0.0,0.0,0.4447436849925705,2.376578772902372
7,HPTO,0.06426247288503253,0.9357375271149675,0.0,0.009421487603305786,0.006776859504132232,0.6461157024793388,1.80005827204275
7,BMR,0.024831867563372995,0.975168132436627,0.0,0.0024541884816753927,0.06331806282722513,0.46842277486910994,1.8102540518642194
7,IVDA,0.44825813086514976,0.5517418691348502,0.05333062962587449,0.0033458379803305285,0.01936530467403427,0.45300618473081217,2.2887903819718565
7,AIRE,0.0840858920329119,0.9159141079670882,0.0,0.5540874110643241,0.0,0.04428633657615798,1.9296355765625612
7,AXNVF,0.28254506239408417,0.7174549376059159,0.004811161895597787,0.10416165503969209,0.008178975222516238,1.1503488092374308,1.4247936602705005
7,BCDMF,0.17404315640258308,0.8259568435974168,0.0,0.08016877637130802,2.1758087201125176,4.746118143459916,-0.3410828491788962
7,CRVW,0.33108970639433677,0.6689102936056632,0.07624113475177305,0.27279635258358664,0.07725430597771023,2.0012664640324216,1.3732091215712352
7,KDOZF,0.6329250491844894,0.3670749508155105,0.0,0.004935010773615069,0.0004865503579620491,1.0493501077361507,2.666325021054896
7,MNDO,0.6221422255905015,0.3778577744094985,0.0,0.03689002299719624,0.019374350250448917,0.6789213369876823,3.4576722285901345
7,PROP,0.14565217391304347,0.8543478260869565,0.0,0.2402473134108641,0.022081554541439716,0.07625496834977183,1.915892670209165
7,INLX,0.4247817047817048,0.5752182952182953,0.0036604322318608026,0.22178207892493607,0.26936769793912646,0.70285313142456,2.9928782045710847
7,DTSS,0.6548862679022747,0.34511373209772533,0.056176783812566564,0.18903088391906284,0.00825346112886049,4.5476570820021305,1.3233545613460165
7,MYSZ,0.29875214093467084,0.701247859065329,0.10249820088413693,0.0743291867996299,0.07031972859052123,0.45841472190809085,2.2749055238873033
7,NTRP,0.03778881451090477,0.9622111854890952,0.1667251051893408,0.05347124824684432,0.0,0.11044880785413745,1.7411676831119947
7,MFON,0.3470557582073997,0.6529442417926002,0.0,0.32538104705102716,1.1428098078197482,2.49635520212061,1.1045943603456572
7,DJCO,0.7783931372359172,0.22160686276408278,0.00017548752628395763,0.030262197166503194,0.23912369050267776,0.16924831798339762,5.765539004642419
7,BHAT,0.10596323419518756,0.8940367658048125,0.0,0.11307874084663184,0.0682673512851183,0.21518802695685155,3.53447457531419
7,ZDGE,0.10358540588309556,0.8964145941169044,0.0,0.03412294511770952,0.0009702339545271482,0.45482004906088674,4.000509959884345
7,IDAI,0.10686702987487277,0.8931329701251272,0.0,0.09622582657517155,0.1679663131628197,0.8398315658140986,1.8581712347473065
7,ISPC,0.19095747540454816,0.8090425245954519,0.0,0.01669510114550329,0.001096758469412625,0.42253635551222685,3.203477882688104
7,CREX,0.6039617969579059,0.3960382030420941,0.03434068014845111,0.027039309247898203,0.21125501779898506,0.6566689388775279,4.189881988931164
7,CCRD,0.6101132281387841,0.38988677186121595,0.0,0.2432154605263158,0.03132907388663968,1.1033179402834008,4.146810502125403
7,APLD,0.3150250663521085,0.6849749336478915,0.0,0.5890065010835138,0.09340723453908985,0.07125354225704283,4.787325062224947
7,SLNH,0.4810140266479284,0.5189859733520715,0.0,0.5030190322618614,0.0009886889278610186,0.33600122409105354,4.442192327669181
7,VHAI,0.037898936170212776,0.9621010638297873,0.0,0.08957654723127036,0.06921824104234528,0.1341612377850163,1.5916811908448414
7,INTZ,0.09091717028083897,0.9090828297191611,0.0,0.39999999999999997,0.025983827493261454,0.8117520215633423,2.2273226084934987
7,MARK,0.3454362538869581,0.6545637461130419,0.021335550013854253,0.1301607093377667,0.0038791909116098642,0.8081185924078692,2.669725086780542
7,SEAC,0.32514131979081645,0.6748586802091834,0.0,0.0531379085440974,0.024657583882890067,0.49478223059642,4.010890486889308
7,PPRRF,0.10878346269602408,0.8912165373039759,0.0,0.034409281035435245,0.47415357903874994,1.683134717070476,2.5393159178167712
7,AWRE,0.021610407572286813,0.9783895924277132,0.0,0.10282856696358807,0.07905532114392873,0.3127051101734646,3.935583269837159
7,ALAR,0.22334493596025817,0.7766550640397417,0.0,0.012605605471369182,0.027669751016941576,0.8394349827902196,3.1077654772297674
7,XTKG,0.16018016749947214,0.8398198325005278,0.0,0.08582718167059761,0.0007810824884369161,0.08026771219407602,4.872047329006684
7,NTWK,0.5582034492299179,0.44179655077008206,0.0,0.14257185748323212,0.012725695161756808,0.7405142613174676,4.285088881089632
7,SNAL,0.6291530112150094,0.3708469887849905,0.0,0.11983840160499087,0.08455058881728113,1.0229618127602271,4.28734500728909
7,GRRR,0.24359127934834696,0.7564087206516532,0.0010572930233983544,0.24746785982439742,0.12644611636352493,0.3433750632077351,4.17839461436987
7,SOFO,0.21404067630482723,0.7859593236951726,0.0734673366834171,0.2757286432160804,0.06763819095477387,1.3802010050251259,2.990719731730447
7,BTCM,0.9585945000580938,0.04140549994190633,0.0,0.361216072992028,0.03268282567623612,4.72509250725773,4.4636527035538265
7,SLP,0.20601414761998704,0.793985852380013,0.0,0.010892760454820525,0.005005786115446274,0.28615260481362337,5.238471816176618
7,MSGM,0.10503775141171245,0.8949622485882875,0.0,0.07905598476029209,0.032648957561646735,0.5463541115461953,2.939056096360434
7,RKNEF,0.34479093552592005,0.65520906447408,0.0,0.014096377196425687,1.0126763490267612,0.713235124339052,4.46150764616411
7,AIXI,0.33627955180977337,0.6637204481902267,0.012676614287600686,0.017892512874686385,0.201158721774726,0.7953420044896342,4.104030831811522
7,LMGIF,0.8094747182520834,0.19052528174791655,0.00014982732400907952,0.021195572103151115,0.057076719081258845,0.6386264829783674,5.992616383489688
7,NGMS,0.714723095065445,0.2852769049345551,0.0,0.0259576000555382,0.4688422020896248,0.35947533756812106,6.1332765605637265
7,SDIG,0.6585753559306415,0.3414246440693585,0.020612474418776162,0.7866664208410923,0.2685198842161544,0.48873504305020377,5.379694568003904
7,ARBK,0.6039145524909393,0.3960854475090607,0.004021788470267816,0.7032047208352247,0.583004993191103,0.518093508851566,4.7018430732483525
7,RNLX,0.028869646450129346,0.9711303535498707,0.0,0.05109357834814741,0.15344052731449118,0.05932288025566764,3.913322161159766
7,SMSI,0.18391750237592022,0.8160824976240798,0.0,0.05039534277521939,0.028731137950010137,0.4683580965621108,4.6403539153225735
7,ZENV,0.5611517586625301,0.4388482413374699,0.0,0.010859595915197867,0.044408304396876326,0.4194365082853501,5.832659301577087
7,AMSWA,0.4338097915797493,0.5661902084202506,0.0,0.02379754712578111,0.0023906448518163197,0.6614618715482148,5.261834900970622
7,RIOT,0.7417096818662213,0.2582903181337785,0.0,0.5410965753611462,0.015335266719395379,0.19634702158543718,7.1853597424812365
7,GRVY,0.7523679778595411,0.2476320221404589,0.0,0.0183305675594547,0.0068842282924508535,1.0439616454183493,5.866824933755103
7,EGAN,0.2570103940776191,0.742989605922381,0.0,0.03714814021220707,0.020133482529025703,0.7297177185756573,4.836353332972007
7,CIFR,0.010449262405006704,0.9895507375949932,0.0,0.47046214360648375,0.03996291189424154,0.007257511416779977,6.036588475029411
7,CTKYY,0.1356315751462481,0.8643684248537519,0.0,0.07926116436754735,0.022866495206920738,3.924573299041384,3.062689741678872
7,AIP,0.03472222222222223,0.9652777777777778,0.0,0.04761245195470757,0.012612971363274352,0.4361127462862287,4.74940904850624
7,IH,0.3284773609934632,0.6715226390065367,0.014343647517664464,0.016490280665818362,0.0021724961981316533,0.7390987244343751,5.264377883118472
7,MGIC,0.8232476731735443,0.1767523268264558,0.0,0.07101779503148627,0.10827471933578942,1.1220471115985438,6.224837598224874
7,AKLI,0.001517467996257673,0.9984825320037424,0.0,0.024315667868038217,0.10211196967286261,0.0022344127230089173,4.973673893439968
7,AGYS,0.4074657342284029,0.5925342657715972,0.03240537537004697,0.07580242993621651,0.0263865671781175,0.7594064306459596,5.366732737980594
7,MITK,0.18419301448632416,0.8158069855136758,0.0,0.023994894703254624,0.3664604200771343,0.39938680946699595,5.88724227229708
7,ALLT,0.22037589903650429,0.7796241009634958,0.062276652594703996,0.09214709349011285,0.19794978234633934,0.5763572243640616,5.3610714840840314
7,HSTM,0.42150560509082835,0.5784943949091716,0.0,0.07683112301377623,0.04685368494859777,0.5360739822518138,6.210079861414688
7,CMCM,0.18618869867421806,0.8138113013257819,0.00324901462660488,0.019127718080544965,0.005271428935689372,0.17201660339073124,6.613584198382226
7,SOUN,0.04197767530320984,0.9580223246967902,0.0,0.30237117983843564,0.6311468981203106,0.8138087893126978,3.6441697037216514
7,SPNS,0.6678823394948205,0.3321176605051796,0.0,0.06839142716924218,0.13123032450354905,0.7103168428234561,6.50480301104495
7,MPLN,0.6144069454855248,0.3855930545144753,0.0,0.03487564413688913,0.6461379462289503,0.1464795504174137,8.905322770437195
7,MTLS,0.4174101188535523,0.5825898811464478,0.03910059085438408,0.24971048817722447,0.14837111206667075,0.5641737935490623,6.085712799630702
7,DSGX,0.38579808459696724,0.6142019154030327,0.0007322231323459568,0.018042382897022265,0.006227270925089692,0.35825788257604196,7.077861700521832
7,ATEN,0.24105914258613548,0.7589408574138645,0.053353381829018845,0.11091694775199468,0.0456401295024451,0.7595074572276181,5.9110811564085735
7,APPS,0.6928363764855702,0.3071636235144297,0.0,0.03189901467868899,0.35706670305085536,0.512575513760971,7.285169960012083
7,CRNC,0.3190556149571556,0.6809443850428445,0.0,0.039749168179125716,0.20600261055614252,0.24868618946023985,7.184244696715918
7,MYPS,0.3165213781652138,0.6834786218347861,0.0,0.09401464167109364,0.03312415307563159,0.8247203906718295,5.863656743453055
7,EBIXQ,0.791083885287486,0.2089161147125141,0.0,0.040378392968056426,0.004404395289924588,0.6829973561921362,7.337948771398581
7,AZPN,0.14863273050382525,0.8513672694961747,0.0,0.006375049916759753,0.021214539394393637,0.027074022162573725,9.613798266979257
7,GDEV,0.4488797328315309,0.5511202671684692,0.0,0.006980412614425359,0.0013786935946640832,1.4895107500838396,5.774688182171932
7,SDGR,0.24538071822381166,0.7546192817761884,0.0,0.17459812630793203,0.1531905191355631,0.26279177504077195,6.534641671841522
7,QLYS,0.21107427423479605,0.7889257257652039,0.0,0.1158157391278296,0.041545579442492306,0.6986650802278651,6.552423718014589
7,EVH,0.8007791020605138,0.1992208979394862,0.0,0.07533237623212108,0.2580739594550796,0.743970840145205,7.505103310211641
7,DV,0.22061169270870226,0.7793883072912978,0.0,0.10773672456288548,0.07219187910066073,0.4362640160149967,6.944114208829328
7,FROG,0.14159867788566266,0.8584013221143373,0.0,0.03744514881987463,0.01931656835636423,0.3214339415601782,6.7698956760114335
7,CGNT,0.2735274012964054,0.7264725987035946,0.02161584700686874,0.08406497092257807,0.025848436289224425,0.7132687837136343,6.499192879214493
7,PRGS,0.1682833194382735,0.8317166805617265,0.0035728480551251557,0.023026201594214292,0.44413413164489157,0.42651219040453314,7.252393369793283
7,SCWX,0.3485855506079683,0.6514144493920317,0.0005114949630406907,0.026199683582125835,0.017085957488184974,0.5420975547502184,6.894975970342082
7,MSTR,0.19976142068793826,0.8002385793120618,0.0,0.0388379402822586,1.0147833937414532,0.20714010700866958,7.787494883186683
7,XPER,0.225463641315012,0.774536358684988,0.00904044043310522,0.13668950524554527,0.12574924244583133,0.6815748441806406,6.602467125060103
7,ALTR,0.20753817224792226,0.7924618277520776,0.0,0.05903192229347791,0.2736561808459599,0.4773012887449387,7.094017394898103
7,KONMY,0.729105265094907,0.2708947349050929,0.016944425683669443,0.2627045288204557,0.1608700466385209,0.5666187462870894,8.37863294671312
7,VRNS,0.09895552664728517,0.9010444733527149,0.0,0.09180038553958296,0.29374398792027073,0.4537889036649255,6.950558030507378
7,GWRE,0.43759521207560786,0.5624047879243922,0.0,0.07544542164906477,0.2043934947198748,0.3584697496180903,7.726167214980424
7,BB,0.29925187032418954,0.7007481296758105,0.0,0.03544994156603039,0.22321776392676276,0.27970393455395404,7.8504931808711405
7,RPD,0.2485631746594694,0.7514368253405306,0.0,0.10098153703740496,0.6636497224779266,0.5041115062572158,7.214497791612659
7,CYBR,0.1522006633476319,0.8477993366523682,0.0,0.03370944613089693,0.32879942354654085,0.3252224221048576,7.5062626050195576
7,ESTC,0.2158692328892608,0.7841307671107393,0.0,0.019869367611908228,0.35485482956983583,0.5248997066827518,7.404237120807253
7,CFLT,0.18732197704766063,0.8126780229523394,0.0,0.02497687484354003,0.4732227960094658,0.2498856003094442,7.7599762864830115
7,MBLY,0.3408239700374532,0.6591760299625468,0.007318178874425232,0.028560326403730327,0.002914319020788809,0.1210413833300952,9.644781588320864
7,PTC,0.24706273093369868,0.7529372690663014,0.0,0.050323770691157406,0.32389891083676037,0.4124677744050479,8.452605175720498
7,PEGA,0.25327623966361085,0.7467237603363892,0.0,0.09661390969247358,0.4955254288222781,0.970665226947304,7.21352674728096
7,TMICY,0.17406091682710276,0.8259390831728973,0.009037801572834047,0.015057213827225783,0.0,0.47534926036016756,8.180353367242997
7,ANSS,0.11304761628153773,0.8869523837184623,0.0,0.031396490252237425,0.12954293134886727,0.30884718699092173,8.808061931046513
7,VYX,0.8185793997888705,0.18142060021112955,0.06708959763622142,0.08985834709307378,0.5142087425045624,0.6816720257234726,9.350710824823459
7,PATH,0.11301131920955021,0.8869886807904498,0.0,0.025706622091780214,0.019375692433283447,0.346849112713561,7.852614031173349
7,GEN,0.2229943145925458,0.7770056854074542,0.0,0.01930001440299582,0.40486821258821837,0.40270776321474866,8.845489236753274
7,TTWO,0.509163570219142,0.490836429780858,0.0020200974027908326,0.07015423712527796,0.03227771634282324,0.5353930261117142,8.786642910046872
7,PLTK,0.2909671856773343,0.7090328143226657,0.0,0.08522390272835113,0.9288626927639383,0.9695655397390274,7.9001177678075365
7,APP,0.29722313585347737,0.7027768641465226,0.0,0.02375609754429238,0.5619848744306878,0.5175739922015731,8.673828667293545
7,U,0.19127111605642846,0.8087288839435715,0.0,0.030941851433210557,0.3593250433846887,0.17756276020441703,8.966226599493282
7,BILI,0.5647331001553461,0.4352668998446539,0.010457734675770653,0.029336563290770862,0.21921291552079517,0.523520710766512,8.710271519479427
7,CDNS,0.11228168265489077,0.8877183173451092,0.02491789582040038,0.10547450093642857,0.15328092603742483,0.6933363389371102,8.54423835166823
7,FTNT,0.29288253039037065,0.7071174696096294,0.04248554913294798,0.15973025048169556,0.16905908798972386,0.7092806679511882,8.73681053295389
7,SNPS,0.23953966952087416,0.7604603304791258,0.022502128086096466,0.11067958917771732,0.06392986176492105,0.539551397221113,9.150387268390903
7,SPLK,0.17895862706013904,0.821041372939861,0.0,0.061147581324065885,0.5807908131327303,0.46170293781164334,8.664038681774382
7,DASTY,0.19322061897654738,0.8067793810234526,0.0,0.05749207423970438,0.22684083656137477,0.39725550866584786,9.631773312965885
7,EA,0.2916822081312943,0.7083177918687057,0.0,0.06260869565217392,0.15579710144927536,0.5065942028985507,9.532423871145296
7,NTES,0.561952270640211,0.4380477293597889,0.005751494814156939,0.041851522692522306,0.0250496474841981,0.55855093502712,10.128553135563418
7,NOW,0.18960760269773144,0.8103923973022685,0.0,0.1304609369125498,0.16061357996841868,0.544777802842319,9.495444123413163
7,INTU,0.22567670398956408,0.7743232960104359,0.0,0.05181365832552102,0.25084733540059134,0.45885916203937405,10.23041437631381
7,SAP,0.2891484328752525,0.7108515671247475,0.014357184007634088,0.06837677656888566,0.1212877112288688,0.4278191273110876,11.253109773130834
7,CRM,0.23187362358122987,0.7681263764187701,0.0,0.05981577371887112,0.14248652963480343,0.27825100568223593,11.463829754126165
7,MSFT,0.4797276385020118,0.5202723614979883,0.010256550816796405,0.23995724153053394,0.19834173884442496,0.5434437013485364,12.807214180294094
